,City,Country,Date,Lat,Lng,Max Temp,Humidity,Cloudiness,Wind Speed,Current Weather,Type of Weather,Rain Inches(last 3h),Snow Inches(last 3h)
0,Busselton,AU,2020-04-01 23:00:27,-33.65,115.33,57.99,67,94,11.52,overcast clouds,Clouds,0.0,0.0
1,Bethel,US,2020-04-01 23:00:27,41.37,-73.41,53.01,29,1,16.11,clear sky,Clear,0.0,0.0
2,Raudeberg,NO,2020-04-01 23:00:28,61.99,5.14,37.99,86,100,17.22,light rain,Rain,0.0,0.0
3,Hilo,US,2020-04-01 23:00:28,19.73,-155.09,80.6,57,1,5.82,clear sky,Clear,0.0,0.0
4,Lasa,IT,2020-04-01 23:00:28,46.62,10.7,32.0,79,5,1.61,clear sky,Clear,0.0,0.0
5,Benguela,AO,2020-04-01 23:00:29,-12.58,13.41,76.78,83,43,3.31,scattered clouds,Clouds,0.0,0.0
6,Upernavik,GL,2020-04-01 23:00:29,72.79,-56.15,-9.65,85,0,8.01,clear sky,Clear,0.0,0.0
7,Port Alfred,ZA,2020-04-01 23:00:29,-33.59,26.89,63.0,87,94,3.0,overcast clouds,Clouds,0.0,0.0
8,Mataura,NZ,2020-04-01 23:00:30,-46.19,168.86,61.0,84,58,3.0,broken clouds,Clouds,0.0,0.0
9,Maniitsoq,GL,2020-04-01 23:00:30,65.42,-52.9,9.84,78,0,8.08,clear sky,Clear,0.0,0.0
10,Ushuaia,AR,2020-04-01 22:59:59,-54.8,-68.3,55.4,54,75,3.36,broken clouds,Clouds,0.0,0.0
11,Rikitea,PF,2020-04-01 23:00:30,-23.12,-134.97,79.36,69,43,4.97,light rain,Rain,0.011023622047244096,0.0
12,Huntsville,US,2020-04-01 22:57:30,34.73,-86.59,61.0,47,1,9.17,clear sky,Clear,0.0,0.0
13,Qingyuan,CN,2020-04-01 23:00:31,23.7,113.03,61.0,93,90,2.24,mist,Mist,0.0,0.0
14,Vaini,TO,2020-04-01 23:00:31,-21.2,-175.2,84.2,74,75,4.7,broken clouds,Clouds,0.0,0.0
15,Villa Bruzual,VE,2020-04-01 23:00:31,9.33,-69.12,89.29,38,88,2.57,overcast clouds,Clouds,0.0,0.0
16,Puerto Ayora,EC,2020-04-01 23:00:32,-0.74,-90.35,84.2,70,20,10.29,few clouds,Clouds,0.0,0.0
17,Cape Town,ZA,2020-04-01 23:00:00,-33.93,18.42,66.2,55,0,9.17,clear sky,Clear,0.0,0.0
18,Ahipara,NZ,2020-04-01 23:00:32,-35.17,173.17,68.99,62,0,9.01,clear sky,Clear,0.0,0.0
19,Ostrovnoy,RU,2020-04-01 23:00:33,68.05,39.51,20.75,96,91,9.15,light snow,Snow,0.0,0.010629921259842521
20,Quatre Cocos,MU,2020-04-01 23:00:33,-20.21,57.76,77.0,94,40,6.51,shower rain,Rain,0.0,0.0
21,Clyde River,CA,2020-04-01 23:00:34,70.47,-68.59,-4.0,76,20,17.22,few clouds,Clouds,0.0,0.0
22,Alvorada,BR,2020-04-01 23:00:34,-12.48,-49.12,75.85,83,82,2.39,broken clouds,Clouds,0.0,0.0
23,Severo-Kurilsk,RU,2020-04-01 23:00:35,50.68,156.12,34.63,91,100,4.27,light snow,Snow,0.0,0.004724409448818898
24,Bluff,NZ,2020-04-01 23:00:35,-46.6,168.33,61.0,84,63,3.0,light rain,Rain,0.004724409448818898,0.0
25,East London,ZA,2020-04-01 23:00:35,-33.02,27.91,65.91,70,93,11.16,overcast clouds,Clouds,0.0,0.0
26,Dikson,RU,2020-04-01 23:00:35,73.51,80.55,-6.84,91,98,17.74,overcast clouds,Clouds,0.0,0.0
27,Bambous Virieux,MU,2020-04-01 23:00:36,-20.34,57.76,77.0,94,40,6.35,shower rain,Rain,0.0,0.0
28,Alofi,NU,2020-04-01 23:00:36,-19.06,-169.92,82.4,83,75,2.24,broken clouds,Clouds,0.0,0.0
29,Punta Arenas,CL,2020-04-01 22:58:24,-53.15,-70.92,55.4,66,100,23.04,overcast clouds,Clouds,0.0,0.0
30,Kirakira,SB,2020-04-01 23:00:37,-10.45,161.92,80.31,86,100,10.89,moderate rain,Rain,0.2066929133858268,0.0
31,Hun,LY,2020-04-01 23:00:37,29.13,15.95,67.24,23,0,9.98,clear sky,Clear,0.0,0.0
32,Albany,US,2020-04-01 23:00:38,42.6,-73.97,50.0,31,20,12.75,few clouds,Clouds,0.0,0.0
33,San Quintin,MX,2020-04-01 23:00:38,30.48,-115.95,62.26,72,5,7.0,clear sky,Clear,0.0,0.0
34,Torbay,CA,2020-04-01 23:00:38,47.67,-52.73,41.0,92,90,8.05,fog,Fog,0.0,0.0
35,Bara,NG,2020-04-01 23:00:39,10.37,10.73,86.81,36,81,8.1,broken clouds,Clouds,0.0,0.0
36,Narsaq,GL,2020-04-01 23:00:39,60.92,-46.05,33.8,55,86,5.82,overcast clouds,Clouds,0.0,0.0
37,Uusikaupunki,FI,2020-04-01 23:00:39,60.8,21.41,35.6,91,99,6.93,overcast clouds,Clouds,0.0,0.0
38,High Level,CA,2020-04-01 23:00:39,58.52,-117.14,15.8,25,20,12.75,few clouds,Clouds,0.0,0.0
39,San Pedro De Macoris,DO,2020-04-01 22:57:11,18.46,-69.3,82.4,69,20,4.7,few clouds,Clouds,0.0,0.0
40,Kahului,US,2020-04-01 23:00:40,20.89,-156.47,80.6,61,20,16.11,few clouds,Clouds,0.0,0.0
41,Nuuk,GL,2020-04-01 22:56:55,64.18,-51.72,12.2,61,0,17.22,clear sky,Clear,0.0,0.0
42,Ngunguru,NZ,2020-04-01 23:00:40,-35.62,174.5,73.0,62,0,3.0,clear sky,Clear,0.0,0.0
43,Mahebourg,MU,2020-04-01 23:00:41,-20.41,57.7,77.0,94,40,5.41,shower rain,Rain,0.0,0.0
44,Chokurdakh,RU,2020-04-01 23:00:41,70.63,147.92,2.41,92,97,1.5,overcast clouds,Clouds,0.0,0.0
45,Klaksvik,FO,2020-04-01 23:00:41,62.23,-6.59,32.0,84,90,36.91,overcast clouds,Clouds,0.0,0.0
46,Elko,US,2020-04-01 22:58:11,41.0,-115.5,42.01,52,90,12.75,overcast clouds,Clouds,0.0,0.0
47,Cape Coast,GH,2020-04-01 22:55:51,5.11,-1.25,80.29,88,96,13.76,overcast clouds,Clouds,0.0,0.0
48,Sioux Lookout,CA,2020-04-01 23:00:42,50.1,-91.92,48.2,45,20,9.17,few clouds,Clouds,0.0,0.0
49,Port Elizabeth,ZA,2020-04-01 23:00:43,-33.92,25.57,57.2,93,73,1.12,broken clouds,Clouds,0.0,0.0
50,Bredasdorp,ZA,2020-04-01 23:00:43,-34.53,20.04,63.0,72,1,13.87,clear sky,Clear,0.0,0.0
51,Santa Maria,BR,2020-04-01 23:00:43,-29.68,-53.81,73.4,78,38,3.74,light rain,Rain,0.03858267716535433,0.0
52,Akyab,MM,2020-04-01 23:00:43,20.15,92.9,71.15,85,40,4.23,scattered clouds,Clouds,0.0,0.0
53,Tulagi,SB,2020-04-01 23:00:44,-9.1,160.15,78.8,100,75,5.82,broken clouds,Clouds,0.0,0.0
54,Pacific Grove,US,2020-04-01 23:00:44,36.62,-121.92,64.99,48,1,17.22,clear sky,Clear,0.0,0.0
55,Butaritari,KI,2020-04-01 23:00:44,3.07,172.79,84.2,74,11,11.01,light rain,Rain,0.01299212598425197,0.0
56,Provideniya,RU,2020-04-01 23:00:44,64.38,-173.3,26.6,86,90,6.71,snow,Snow,0.0,0.0
57,Avarua,CK,2020-04-01 23:00:10,-21.21,-159.78,84.2,83,75,11.41,broken clouds,Clouds,0.0,0.0
58,Azangaro,PE,2020-04-01 23:00:45,-14.92,-70.22,44.47,26,83,1.25,light rain,Rain,0.046062992125984255,0.0
59,Cidreira,BR,2020-04-01 23:00:45,-30.18,-50.21,73.63,88,50,16.31,scattered clouds,Clouds,0.0,0.0
60,Mus,TR,2020-04-01 22:58:55,39.0,41.75,33.6,56,97,2.19,overcast clouds,Clouds,0.0,0.0
61,Koundara,GN,2020-04-01 23:00:46,12.48,-13.3,85.19,45,45,9.01,scattered clouds,Clouds,0.0,0.0
62,Arraial Do Cabo,BR,2020-04-01 23:00:46,-22.97,-42.03,75.2,94,75,5.82,light rain,Rain,0.0,0.0
63,Roma,US,2020-04-01 22:57:04,43.21,-75.46,48.2,39,1,13.87,clear sky,Clear,0.0,0.0
64,Antofagasta,CL,2020-04-01 22:56:59,-23.65,-70.4,66.2,72,20,10.29,few clouds,Clouds,0.0,0.0
65,Tuktoyaktuk,CA,2020-04-01 23:00:47,69.45,-133.04,10.4,66,5,11.41,clear sky,Clear,0.0,0.0
66,Grand Gaube,MU,2020-04-01 23:00:47,-20.01,57.66,77.0,94,40,6.24,shower rain,Rain,0.0,0.0
67,Qaqortoq,GL,2020-04-01 23:00:47,60.72,-46.03,33.8,55,89,5.82,overcast clouds,Clouds,0.0,0.0
68,Yellowknife,CA,2020-04-01 23:00:10,62.46,-114.35,6.8,42,75,10.29,broken clouds,Clouds,0.0,0.0
69,Pevek,RU,2020-04-01 23:00:48,69.7,170.31,6.31,91,100,1.41,light snow,Snow,0.0,0.004330708661417323
70,Atuona,PF,2020-04-01 23:00:48,-9.8,-139.03,82.78,75,61,8.95,light rain,Rain,0.005511811023622048,0.0
71,Taonan,CN,2020-04-01 23:00:49,45.33,122.78,48.0,81,6,1.01,clear sky,Clear,0.0,0.0
72,Taraz,KZ,2020-04-01 23:00:49,42.9,71.37,51.8,66,90,15.66,overcast clouds,Clouds,0.0,0.0
73,Saint-Augustin,CA,2020-04-01 23:00:49,51.23,-58.65,36.54,95,100,16.73,overcast clouds,Clouds,0.0,0.0
74,Prata,BR,2020-04-01 23:00:50,-19.31,-48.92,72.66,71,77,3.65,light rain,Rain,0.04055118110236221,0.0
75,Pochutla,MX,2020-04-01 23:00:50,15.74,-96.47,86.0,62,75,18.34,broken clouds,Clouds,0.0,0.0
76,Garcia,MX,2020-04-01 23:00:50,25.82,-100.58,80.6,47,75,10.29,broken clouds,Clouds,0.0,0.0
77,Buala,SB,2020-04-01 23:00:51,-8.14,159.59,80.58,85,100,9.04,moderate rain,Rain,0.12322834645669292,0.0
78,Ostashkov,RU,2020-04-01 23:00:51,57.15,33.11,29.62,95,86,8.37,overcast clouds,Clouds,0.0,0.0
79,Vostok,RU,2020-04-01 23:00:52,46.49,135.88,38.59,52,0,4.23,clear sky,Clear,0.0,0.0
80,Port Lincoln,AU,2020-04-01 23:00:52,-34.73,135.87,65.39,64,16,3.94,few clouds,Clouds,0.0,0.0
81,Yar-Sale,RU,2020-04-01 23:00:52,66.83,70.83,22.6,97,100,26.8,snow,Snow,0.0,0.08661417322834647
82,Hermanus,ZA,2020-04-01 23:00:52,-34.42,19.23,63.0,75,0,13.0,clear sky,Clear,0.0,0.0
83,Atherton,GB,2020-04-01 23:00:52,53.52,-2.49,46.99,81,90,9.17,overcast clouds,Clouds,0.0,0.0
84,Khasan,RU,2020-04-01 23:00:53,42.43,130.64,46.69,49,0,7.65,clear sky,Clear,0.0,0.0
85,Puerto Leguizamo,CO,2020-04-01 23:00:53,-0.19,-74.78,74.14,88,71,0.94,light rain,Rain,0.02283464566929134,0.0
86,Jamestown,US,2020-04-01 23:00:37,42.1,-79.24,45.0,38,1,9.17,clear sky,Clear,0.0,0.0
87,Washington,US,2020-04-01 22:56:05,47.5,-120.5,48.99,39,20,12.75,few clouds,Clouds,0.0,0.0
88,Jinxiang,CN,2020-04-01 23:00:54,22.86,115.7,64.0,85,99,1.01,overcast clouds,Clouds,0.0,0.0
89,Matara,LK,2020-04-01 23:00:54,5.95,80.54,71.96,85,53,7.16,broken clouds,Clouds,0.0,0.0
90,Sitka,US,2020-04-01 23:00:55,57.05,-135.33,39.2,41,20,8.05,few clouds,Clouds,0.0,0.0
91,Madingou,CG,2020-04-01 23:00:55,-4.15,13.55,72.59,89,100,1.25,overcast clouds,Clouds,0.0,0.0
92,Moron,AR,2020-04-01 22:56:52,-34.65,-58.62,75.2,88,75,3.36,broken clouds,Clouds,0.0,0.0
93,Ambon,ID,2020-04-01 23:00:56,-3.7,128.18,80.6,83,75,6.93,light rain,Rain,0.0,0.0
94,San Pedro,PH,2020-04-01 23:00:56,14.35,121.02,82.0,78,20,6.96,few clouds,Clouds,0.0,0.0
95,Kibre Mengist,ET,2020-04-01 23:00:56,5.88,38.98,58.98,59,21,2.08,few clouds,Clouds,0.0,0.0
96,Saint-Philippe,RE,2020-04-01 23:00:57,-21.36,55.77,75.2,78,20,6.93,few clouds,Clouds,0.0,0.0
97,Makakilo City,US,2020-04-01 23:00:57,21.35,-158.09,82.4,73,1,9.17,clear sky,Clear,0.0,0.0
98,Saldanha,ZA,2020-04-01 23:00:05,-33.01,17.94,68.0,52,0,8.05,clear sky,Clear,0.0,0.0
99,Paramonga,PE,2020-04-01 23:00:57,-10.67,-77.83,74.1,76,96,6.31,light rain,Rain,0.005511811023622048,0.0
100,San Antonio,US,2020-04-01 23:00:42,29.42,-98.49,82.0,41,1,14.99,clear sky,Clear,0.0,0.0
101,Khatanga,RU,2020-04-01 22:58:29,71.97,102.5,-11.85,89,41,8.97,scattered clouds,Clouds,0.0,0.0
102,Castro,BR,2020-04-01 23:00:58,-24.79,-50.01,64.99,66,21,3.11,few clouds,Clouds,0.0,0.0
103,Hobart,AU,2020-04-01 23:00:28,-42.88,147.33,60.01,93,75,4.7,light rain,Rain,0.0,0.0
104,Sur,OM,2020-04-01 23:00:59,22.57,59.53,75.07,79,4,11.21,clear sky,Clear,0.0,0.0
105,Tiznit,MA,2020-04-01 23:00:59,29.58,-9.5,53.56,67,49,4.72,scattered clouds,Clouds,0.0,0.0
106,Houma,US,2020-04-01 22:59:56,29.6,-90.72,75.2,46,1,6.93,clear sky,Clear,0.0,0.0
107,Merauke,ID,2020-04-01 23:00:59,-8.47,140.33,83.62,78,94,3.44,moderate rain,Rain,0.1795275590551181,0.0
108,Kapaa,US,2020-04-01 23:00:57,22.08,-159.32,80.6,65,1,18.34,clear sky,Clear,0.0,0.0
109,Manaul,PH,2020-04-01 23:01:00,12.45,121.41,81.97,73,12,12.97,light rain,Rain,0.02874015748031496,0.0
110,Aklavik,CA,2020-04-01 22:58:03,68.22,-135.01,19.4,40,5,8.05,clear sky,Clear,0.0,0.0
111,Victoria,HK,2020-04-01 22:57:06,22.29,114.16,69.01,82,40,14.99,scattered clouds,Clouds,0.0,0.0
112,Broome,US,2020-04-01 23:01:01,42.25,-75.83,44.01,48,1,13.87,clear sky,Clear,0.0,0.0
113,Zihuatanejo,MX,2020-04-01 23:01:01,17.63,-101.55,87.8,62,5,11.41,clear sky,Clear,0.0,0.0
114,Ponta Do Sol,PT,2020-04-01 23:01:01,32.67,-17.1,59.0,62,20,5.82,few clouds,Clouds,0.0,0.0
115,Richards Bay,ZA,2020-04-01 23:01:02,-28.78,32.04,68.25,75,2,19.37,clear sky,Clear,0.0,0.0
116,Solnechnyy,RU,2020-04-01 23:01:02,50.72,136.63,39.63,59,100,10.65,overcast clouds,Clouds,0.0,0.0
117,Sao Gabriel Da Cachoeira,BR,2020-04-01 23:01:02,-0.13,-67.09,74.01,96,100,0.89,overcast clouds,Clouds,0.0,0.0
118,Aquiraz,BR,2020-04-01 23:01:02,-3.9,-38.39,84.0,78,20,6.93,few clouds,Clouds,0.0,0.0
119,Mackay,AU,2020-04-01 23:01:03,-21.15,149.2,75.2,88,40,5.82,scattered clouds,Clouds,0.0,0.0
120,Opuwo,NA,2020-04-01 23:01:03,-18.06,13.84,68.67,33,0,0.98,clear sky,Clear,0.0,0.0
121,Vigrestad,NO,2020-04-01 23:01:03,58.57,5.7,43.0,81,75,16.11,broken clouds,Clouds,0.0,0.0
122,Kodiak,US,2020-04-01 23:01:03,57.79,-152.41,39.2,86,75,6.93,broken clouds,Clouds,0.0,0.0
123,Puerto Colombia,CO,2020-04-01 23:01:04,10.99,-74.95,84.2,70,75,10.29,broken clouds,Clouds,0.0,0.0
124,Saskylakh,RU,2020-04-01 23:01:04,71.92,114.08,7.34,93,100,12.1,overcast clouds,Clouds,0.0,0.0
125,Esperance,AU,2020-04-01 23:00:53,-33.87,121.9,68.0,56,40,18.34,scattered clouds,Clouds,0.0,0.0
126,Gayny,RU,2020-04-01 23:01:05,60.31,54.32,11.46,94,0,5.48,clear sky,Clear,0.0,0.0
127,Manjacaze,MZ,2020-04-01 23:01:05,-24.71,33.88,73.94,71,55,18.25,light rain,Rain,0.010236220472440946,0.0
128,Xanxere,BR,2020-04-01 23:01:05,-26.88,-52.4,68.47,65,45,2.04,light rain,Rain,0.00984251968503937,0.0
129,Dingle,PH,2020-04-01 23:01:06,11.0,122.67,80.8,77,80,12.86,light rain,Rain,0.01141732283464567,0.0
130,Ribeira Grande,PT,2020-04-01 23:01:06,38.52,-28.7,60.31,84,99,27.83,light rain,Rain,0.04921259842519685,0.0
131,Beian,NO,2020-04-01 23:01:06,63.66,9.57,37.99,93,75,27.51,light intensity shower rain,Rain,0.0,0.0
132,Panaba,MX,2020-04-01 23:01:07,21.28,-88.27,79.27,74,17,8.75,light rain,Rain,0.014566929133858268,0.0
133,Lompoc,US,2020-04-01 23:00:44,34.64,-120.46,69.01,59,0,21.92,clear sky,Clear,0.0,0.0
134,Hofn,IS,2020-04-01 23:01:07,64.25,-15.21,26.6,49,40,28.86,scattered clouds,Clouds,0.0,0.0
135,Funadhoo,MV,2020-04-01 23:01:08,6.15,73.27,83.5,71,54,4.52,broken clouds,Clouds,0.0,0.0
136,Dzhebariki-Khaya,RU,2020-04-01 23:01:08,62.22,135.8,23.05,95,100,5.55,light snow,Snow,0.0,0.024803149606299216
137,Luderitz,NA,2020-04-01 23:01:08,-26.65,15.16,62.6,63,0,5.82,clear sky,Clear,0.0,0.0
138,Shingu,JP,2020-04-01 23:01:08,33.73,135.98,53.46,57,27,14.74,scattered clouds,Clouds,0.0,0.0
139,Pangnirtung,CA,2020-04-01 23:01:09,66.15,-65.71,-11.2,57,20,1.95,few clouds,Clouds,0.0,0.0
140,Korla,CN,2020-04-01 23:01:09,41.76,86.15,44.28,34,95,9.84,overcast clouds,Clouds,0.0,0.0
141,Vardo,NO,2020-04-01 23:01:09,70.37,31.11,19.4,73,97,16.11,light snow,Snow,0.0,0.030314960629921263
142,Sobolevo,RU,2020-04-01 23:01:10,54.43,31.9,33.98,87,99,11.99,light snow,Snow,0.0,0.007480314960629922
143,Airai,TL,2020-04-01 23:01:10,-8.93,125.41,67.48,63,82,1.61,broken clouds,Clouds,0.0,0.0
144,Aguimes,ES,2020-04-01 23:01:11,27.91,-15.45,64.4,72,20,13.87,few clouds,Clouds,0.0,0.0
145,Sembakung,ID,2020-04-01 23:01:11,3.82,117.25,77.32,90,72,2.15,light rain,Rain,0.01732283464566929,0.0
146,Saint-Medard-En-Jalles,FR,2020-04-01 23:01:12,44.9,-0.72,55.4,62,77,2.24,broken clouds,Clouds,0.0,0.0
147,Ixtapa,MX,2020-04-01 23:01:13,20.7,-105.2,80.6,65,20,4.7,few clouds,Clouds,0.0,0.0
148,Nikolskoye,RU,2020-04-01 23:01:13,59.7,30.79,33.01,92,43,4.47,scattered clouds,Clouds,0.0,0.0
149,Harbour Breton,CA,2020-04-01 23:01:14,47.48,-55.8,38.97,88,91,18.19,overcast clouds,Clouds,0.0,0.0
150,Srednekolymsk,RU,2020-04-01 23:01:14,67.45,153.68,9.1,92,95,2.35,overcast clouds,Clouds,0.0,0.0
151,Yerbogachen,RU,2020-04-01 23:01:14,61.28,108.01,18.9,94,99,5.64,light snow,Snow,0.0,0.011811023622047244
152,Cabo San Lucas,MX,2020-04-01 23:00:14,22.89,-109.91,84.0,39,20,14.99,few clouds,Clouds,0.0,0.0
153,Naze,JP,2020-04-01 23:01:15,28.37,129.48,66.2,72,20,8.05,few clouds,Clouds,0.0,0.0
154,Clonakilty,IE,2020-04-01 23:01:15,51.62,-8.87,44.01,81,75,13.87,broken clouds,Clouds,0.0,0.0
155,Oistins,BB,2020-04-01 23:01:16,13.07,-59.53,78.8,69,20,12.75,few clouds,Clouds,0.0,0.0
156,Qaanaaq,GL,2020-04-01 23:01:16,77.48,-69.36,-7.01,80,100,8.01,overcast clouds,Clouds,0.0,0.0
157,Chuy,UY,2020-04-01 23:01:16,-33.7,-53.46,69.8,89,98,14.72,light rain,Rain,0.05393700787401576,0.0
158,Lincoln,US,2020-04-01 23:00:03,40.8,-96.67,73.99,33,1,19.46,clear sky,Clear,0.0,0.0
159,Moose Factory,CA,2020-04-01 23:01:17,51.26,-80.61,37.4,55,1,11.41,clear sky,Clear,0.0,0.0
160,New Norfolk,AU,2020-04-01 23:01:17,-42.78,147.06,60.01,93,75,4.7,light rain,Rain,0.0,0.0
161,Odesskoye,RU,2020-04-01 23:01:18,54.21,72.97,34.48,85,91,11.68,overcast clouds,Clouds,0.0,0.0
162,Salalah,OM,2020-04-01 23:01:18,17.02,54.09,80.6,83,40,2.24,scattered clouds,Clouds,0.0,0.0
163,Umm Lajj,SA,2020-04-01 23:01:18,25.02,37.27,73.02,37,0,7.63,clear sky,Clear,0.0,0.0
164,Buchanan,LR,2020-04-01 23:01:19,5.88,-10.05,71.6,100,75,5.82,thunderstorm,Thunderstorm,0.0,0.0
165,Laguna,US,2020-04-01 23:00:24,38.42,-121.42,68.0,23,1,11.41,clear sky,Clear,0.0,0.0
166,Atasu,KZ,2020-04-01 23:01:19,48.68,71.64,40.33,77,98,12.86,overcast clouds,Clouds,0.0,0.0
167,Norman Wells,CA,2020-04-01 23:01:19,65.28,-126.83,15.8,47,5,20.8,clear sky,Clear,0.0,0.0
168,Kropotkin,RU,2020-04-01 23:01:20,45.44,40.58,40.03,59,100,10.96,overcast clouds,Clouds,0.0,0.0
169,Sovik,NO,2020-04-01 23:01:20,65.93,12.47,37.4,93,100,17.22,light rain,Rain,0.0,0.0
170,Vao,NC,2020-04-01 23:01:21,-22.67,167.48,75.52,82,74,21.56,light rain,Rain,0.01141732283464567,0.0
171,Batagay-Alyta,RU,2020-04-01 23:01:21,67.8,130.41,5.36,86,100,4.83,light snow,Snow,0.0,0.005905511811023622
172,Davila,PH,2020-04-01 23:01:21,18.47,120.58,73.4,88,20,1.12,few clouds,Clouds,0.0,0.0
173,Byron Bay,AU,2020-04-01 22:58:13,-28.65,153.62,80.01,94,50,3.36,scattered clouds,Clouds,0.0,0.0
174,Barrow,US,2020-04-01 23:00:02,71.29,-156.79,8.6,78,1,12.75,clear sky,Clear,0.0,0.0
175,San Miguel,SV,2020-04-01 23:01:22,13.48,-88.18,95.0,44,16,11.41,light rain,Rain,0.005511811023622048,0.0
176,Saint-Leu,RE,2020-04-01 23:01:22,-21.15,55.28,75.2,78,20,6.93,few clouds,Clouds,0.0,0.0
177,Bandarbeyla,SO,2020-04-01 23:01:22,9.49,50.81,78.8,74,30,8.95,scattered clouds,Clouds,0.0,0.0
178,Fortuna,US,2020-04-01 23:00:19,40.6,-124.16,55.99,54,1,18.34,clear sky,Clear,0.0,0.0
179,Qui Nhon,VN,2020-04-01 23:01:23,13.77,109.23,78.42,81,47,3.47,light rain,Rain,0.01732283464566929,0.0
180,La Ronge,CA,2020-04-01 23:01:23,55.1,-105.28,10.4,55,90,9.17,overcast clouds,Clouds,0.0,0.0
181,College,US,2020-04-01 23:01:23,64.86,-147.8,33.01,28,40,5.82,scattered clouds,Clouds,0.0,0.0
182,Bardiyah,LY,2020-04-01 23:01:24,31.76,25.09,58.42,74,70,3.18,broken clouds,Clouds,0.0,0.0
183,Albacete,ES,2020-04-01 23:01:24,38.83,-2.0,48.2,81,75,4.7,broken clouds,Clouds,0.0,0.0
184,Port Hedland,AU,2020-04-01 23:01:25,-20.32,118.57,75.2,88,73,5.82,broken clouds,Clouds,0.0,0.0
185,Lata,PT,2020-04-01 23:01:25,40.16,-8.33,48.0,86,82,2.53,light rain,Rain,0.021653543307086617,0.0
186,Nha Trang,VN,2020-04-01 23:01:25,12.25,109.18,77.0,83,20,4.7,few clouds,Clouds,0.0,0.0
187,Suhbaatar,MN,2020-04-01 23:01:04,50.23,106.21,38.68,54,0,3.62,clear sky,Clear,0.0,0.0
188,Le Pradet,FR,2020-04-01 23:01:26,43.11,6.02,50.0,57,82,4.7,broken clouds,Clouds,0.0,0.0
189,Lithgow,AU,2020-04-01 23:01:26,-33.48,150.15,68.0,100,90,7.23,overcast clouds,Clouds,0.0,0.0
190,Carnarvon,AU,2020-04-01 23:01:27,-24.87,113.63,68.0,88,40,8.05,scattered clouds,Clouds,0.0,0.0
191,Tromso,NO,2020-04-01 23:01:27,69.65,18.96,17.6,85,36,3.36,scattered clouds,Clouds,0.0,0.0
192,Mangochi,MW,2020-04-01 23:01:27,-14.48,35.26,64.83,71,0,4.65,clear sky,Clear,0.0,0.0
193,Kuala Terengganu,MY,2020-04-01 23:01:28,5.33,103.14,78.8,100,20,2.24,few clouds,Clouds,0.0,0.0
194,Thompson,CA,2020-04-01 23:01:28,55.74,-97.86,24.8,68,75,11.41,broken clouds,Clouds,0.0,0.0
195,Touros,BR,2020-04-01 23:01:29,-5.2,-35.46,77.0,94,75,4.7,shower rain,Rain,0.0,0.0
196,Samarai,PG,2020-04-01 23:01:29,-10.62,150.67,83.7,70,42,7.14,scattered clouds,Clouds,0.0,0.0
197,San Policarpo,PH,2020-04-01 23:01:30,12.18,125.51,80.53,74,27,10.56,light rain,Rain,0.005511811023622048,0.0
198,Santa Ines,BR,2020-04-01 23:01:25,-3.67,-45.38,74.97,97,100,1.99,light rain,Rain,0.07440944881889763,0.0
199,Olafsvik,IS,2020-04-01 23:01:30,64.89,-23.71,24.96,90,80,27.25,broken clouds,Clouds,0.0,0.0
200,Kurchum,KZ,2020-04-01 23:01:31,48.57,83.65,41.9,47,0,14.65,clear sky,Clear,0.0,0.0
201,San Patricio,MX,2020-04-01 23:01:31,19.22,-104.7,82.4,74,40,13.87,scattered clouds,Clouds,0.0,0.0
202,Chernyshevskiy,RU,2020-04-01 23:01:31,63.01,112.47,8.22,92,85,1.95,overcast clouds,Clouds,0.0,0.0
203,Tessalit,ML,2020-04-01 23:01:31,20.2,1.01,76.59,13,77,8.32,broken clouds,Clouds,0.0,0.0
204,Viransehir,TR,2020-04-01 23:01:32,37.24,39.76,46.29,67,0,3.8,clear sky,Clear,0.0,0.0
205,Lagoa,PT,2020-04-01 23:01:32,39.05,-27.98,57.96,83,100,31.94,light rain,Rain,0.062204724409448825,0.0
206,Nanortalik,GL,2020-04-01 23:01:32,60.14,-45.24,31.01,91,92,3.98,overcast clouds,Clouds,0.0,0.0
207,Bathsheba,BB,2020-04-01 23:01:32,13.22,-59.52,78.8,69,20,12.75,few clouds,Clouds,0.0,0.0
208,Melfi,IT,2020-04-01 23:01:33,41.0,15.65,37.4,74,5,13.87,clear sky,Clear,0.0,0.0
209,Anadyr,RU,2020-04-01 23:01:27,64.75,177.48,12.2,85,9,6.71,clear sky,Clear,0.0,0.0
210,Kloulklubed,PW,2020-04-01 23:01:34,7.04,134.26,80.6,83,75,8.05,broken clouds,Clouds,0.0,0.0
211,Albenga,IT,2020-04-01 23:01:34,44.05,8.22,48.0,49,5,8.05,clear sky,Clear,0.0,0.0
212,Lagoa Da Canoa,BR,2020-04-01 23:01:34,-9.83,-36.74,73.54,86,97,5.82,overcast clouds,Clouds,0.0,0.0
213,San Jose,US,2020-04-01 23:00:12,37.34,-121.89,66.99,36,20,16.11,few clouds,Clouds,0.0,0.0
214,Gizo,SB,2020-04-01 23:01:35,-8.1,156.84,81.52,84,100,14.97,moderate rain,Rain,0.31614173228346454,0.0
215,Yulara,AU,2020-04-01 23:01:36,-25.24,130.99,66.2,88,91,4.7,overcast clouds,Clouds,0.0,0.0
216,Hami,CN,2020-04-01 23:01:36,42.8,93.45,43.18,33,0,8.1,clear sky,Clear,0.0,0.0
217,Calama,CL,2020-04-01 23:01:36,-22.47,-68.93,73.4,23,40,25.28,scattered clouds,Clouds,0.0,0.0
218,Banda Aceh,ID,2020-04-01 22:58:32,5.56,95.32,79.41,81,54,0.65,light rain,Rain,0.03464566929133858,0.0
219,Maumere,ID,2020-04-01 23:01:37,-8.62,122.21,83.62,68,24,1.86,few clouds,Clouds,0.0,0.0
220,Puerto Escondido,MX,2020-04-01 22:57:06,15.85,-97.07,84.2,79,75,6.93,broken clouds,Clouds,0.0,0.0
221,Petropavlovsk-Kamchatskiy,RU,2020-04-01 23:01:23,53.05,158.65,37.4,86,40,4.47,scattered clouds,Clouds,0.0,0.0
222,Cherskiy,RU,2020-04-01 23:01:38,68.75,161.3,9.91,92,90,2.71,overcast clouds,Clouds,0.0,0.0
223,Samana,DO,2020-04-01 23:01:38,19.21,-69.34,82.4,69,20,6.93,few clouds,Clouds,0.0,0.0
224,Kang,BW,2020-04-01 23:01:38,-23.68,22.79,70.32,40,55,6.35,broken clouds,Clouds,0.0,0.0
225,Marquette,US,2020-04-01 22:59:06,46.53,-87.63,41.0,86,5,9.17,clear sky,Clear,0.0,0.0
226,Berlevag,NO,2020-04-01 23:01:39,70.86,29.09,23.0,62,40,5.82,scattered clouds,Clouds,0.0,0.0
227,Sal Rei,CV,2020-04-01 23:01:39,16.18,-22.92,71.6,83,75,13.87,broken clouds,Clouds,0.0,0.0
228,Tasiilaq,GL,2020-04-01 23:01:40,65.61,-37.64,14.0,61,2,2.24,clear sky,Clear,0.0,0.0
229,Prachuap Khiri Khan,TH,2020-04-01 23:01:40,11.82,99.78,79.34,74,74,6.49,broken clouds,Clouds,0.0,0.0
230,Hualmay,PE,2020-04-01 23:01:40,-11.1,-77.61,73.63,75,98,4.52,overcast clouds,Clouds,0.0,0.0
231,Kiunga,PG,2020-04-01 23:01:41,-6.12,141.29,83.44,73,95,2.15,light rain,Rain,0.027559055118110236,0.0
232,Codrington,AU,2020-04-01 23:01:28,-38.27,141.97,59.49,88,100,6.53,light rain,Rain,0.01141732283464567,0.0
233,Praia Da Vitoria,PT,2020-04-01 23:01:41,38.73,-27.07,57.2,87,75,33.4,light rain,Rain,0.0,0.0
234,Ulaangom,MN,2020-04-01 23:01:42,49.98,92.07,6.22,80,0,1.86,clear sky,Clear,0.0,0.0
235,Isangel,VU,2020-04-01 23:01:42,-19.55,169.27,77.54,91,100,9.78,moderate rain,Rain,0.34606299212598424,0.0
236,Odweyne,SO,2020-04-01 23:01:42,9.41,45.06,76.23,47,21,5.08,few clouds,Clouds,0.0,0.0
237,Buraydah,SA,2020-04-01 23:01:43,26.33,43.98,75.2,25,20,13.87,dust,Dust,0.0,0.0
238,Constitucion,CL,2020-04-01 23:01:43,-35.33,-72.42,60.57,55,0,12.73,clear sky,Clear,0.0,0.0
239,Mehamn,NO,2020-04-01 23:01:43,71.04,27.85,23.0,62,40,5.82,scattered clouds,Clouds,0.0,0.0
240,Pemangkat,ID,2020-04-01 23:01:43,1.17,108.97,78.4,77,39,4.05,scattered clouds,Clouds,0.0,0.0
241,Palmer,US,2020-04-01 23:01:44,42.16,-72.33,51.01,39,75,14.99,broken clouds,Clouds,0.0,0.0
242,Mar Del Plata,AR,2020-04-01 23:01:38,-38.0,-57.56,68.0,88,75,11.41,moderate rain,Rain,0.0,0.0
243,Gari,RU,2020-04-01 23:01:44,59.43,62.35,27.5,92,100,10.13,overcast clouds,Clouds,0.0,0.0
244,Revda,RU,2020-04-01 23:01:44,56.8,59.93,37.4,69,99,15.66,overcast clouds,Clouds,0.0,0.0
245,Tura,IN,2020-04-01 23:01:44,25.52,90.22,70.45,26,0,6.69,clear sky,Clear,0.0,0.0
246,Arman,RU,2020-04-01 23:01:45,59.7,150.17,20.59,88,13,0.96,few clouds,Clouds,0.0,0.0
247,Laurel,US,2020-04-01 22:58:47,39.1,-76.85,55.4,57,90,5.82,overcast clouds,Clouds,0.0,0.0
248,Martapura,ID,2020-04-01 23:01:45,-3.42,114.85,80.8,80,88,2.06,light rain,Rain,0.020472440944881893,0.0
249,Olinda,BR,2020-04-01 22:59:39,-8.01,-34.86,82.4,78,40,5.82,scattered clouds,Clouds,0.0,0.0
250,Sinnamary,GF,2020-04-01 23:01:46,5.38,-52.95,78.58,84,58,12.26,broken clouds,Clouds,0.0,0.0
251,Takoradi,GH,2020-04-01 23:01:46,4.88,-1.76,80.13,88,97,11.39,light rain,Rain,0.004724409448818898,0.0
252,Leshukonskoye,RU,2020-04-01 23:01:46,64.9,45.76,17.13,97,96,3.51,overcast clouds,Clouds,0.0,0.0
253,Belaya Gora,RU,2020-04-01 23:01:47,68.53,146.42,7.3,93,92,2.17,overcast clouds,Clouds,0.0,0.0
254,Goderich,CA,2020-04-01 23:00:06,43.75,-81.72,46.0,60,50,15.01,scattered clouds,Clouds,0.0,0.0
255,Hamilton,US,2020-04-01 23:00:04,39.18,-84.53,52.0,53,90,8.05,overcast clouds,Clouds,0.0,0.0
256,Mayo,US,2020-04-01 23:01:47,38.89,-76.51,55.4,50,75,6.93,broken clouds,Clouds,0.0,0.0
257,Kapit,MY,2020-04-01 23:01:48,2.02,112.93,76.46,93,81,1.28,light rain,Rain,0.020866141732283468,0.0
258,Auki,SB,2020-04-01 23:01:48,-8.77,160.7,80.13,84,100,8.21,moderate rain,Rain,0.2736220472440945,0.0
259,Homer,US,2020-04-01 23:01:48,59.64,-151.55,39.0,74,90,6.93,light snow,Snow,0.0,0.0
260,Ginir,ET,2020-04-01 23:01:48,7.13,40.7,60.17,52,17,3.06,light rain,Rain,0.004724409448818898,0.0
261,Cockburn Town,TC,2020-04-01 23:01:48,21.46,-71.14,79.02,83,0,7.7,light rain,Rain,0.007086614173228346,0.0
262,Cayenne,GF,2020-04-01 23:01:49,4.93,-52.33,78.8,94,75,4.7,heavy intensity rain,Rain,0.0,0.0
263,Harper,LR,2020-04-01 23:00:51,4.38,-7.72,81.43,85,100,7.05,light rain,Rain,0.046456692913385826,0.0
264,Sao Filipe,CV,2020-04-01 23:01:49,14.9,-24.5,75.13,72,60,9.78,broken clouds,Clouds,0.0,0.0
265,Zaanstad,NL,2020-04-01 23:01:50,52.45,4.81,44.6,80,20,5.82,few clouds,Clouds,0.0,0.0
266,Katherine,AU,2020-04-01 23:01:50,-14.47,132.27,84.2,74,95,5.82,overcast clouds,Clouds,0.0,0.0
267,Bam,IR,2020-04-01 23:01:50,29.11,58.36,61.66,24,3,2.73,clear sky,Clear,0.0,0.0
268,Mujiayingzi,CN,2020-04-01 23:01:51,42.12,118.78,41.22,36,0,9.89,clear sky,Clear,0.0,0.0
269,Alma,CA,2020-04-01 23:01:51,48.55,-71.65,37.4,74,90,5.82,overcast clouds,Clouds,0.0,0.0
270,Chatrapur,IN,2020-04-01 23:01:51,19.35,84.98,79.72,58,18,7.11,few clouds,Clouds,0.0,0.0
271,Rio Claro,BR,2020-04-01 23:01:52,-22.41,-47.56,77.0,69,1,3.36,clear sky,Clear,0.0,0.0
272,Belen,TR,2020-04-01 23:01:52,36.49,36.22,59.0,100,75,6.93,broken clouds,Clouds,0.0,0.0
273,Santa Cruz De La Palma,ES,2020-04-01 23:01:52,28.68,-17.76,64.4,72,75,6.93,broken clouds,Clouds,0.0,0.0
274,Monroe,US,2020-04-01 23:00:54,43.15,-77.68,48.0,36,40,10.29,scattered clouds,Clouds,0.0,0.0
275,Ubata,BR,2020-04-01 23:01:52,-14.21,-39.52,72.68,91,13,1.63,few clouds,Clouds,0.0,0.0
276,Meulaboh,ID,2020-04-01 23:01:53,4.14,96.13,78.33,79,76,3.24,light rain,Rain,0.0562992125984252,0.0
277,Tiksi,RU,2020-04-01 23:01:53,71.69,128.87,-6.79,87,91,4.5,overcast clouds,Clouds,0.0,0.0
278,Vanimo,PG,2020-04-01 23:01:53,-2.67,141.3,81.99,80,100,5.5,light rain,Rain,0.019291338582677165,0.0
279,Monchegorsk,RU,2020-04-01 23:01:54,67.94,32.87,15.37,94,99,7.49,light snow,Snow,0.0,0.006692913385826772
280,Abu Samrah,SY,2020-04-01 23:01:54,35.3,37.18,52.57,77,19,14.16,few clouds,Clouds,0.0,0.0
281,Poum,NC,2020-04-01 23:01:54,-20.23,164.02,79.3,80,80,17.87,broken clouds,Clouds,0.0,0.0
282,Souillac,MU,2020-04-01 23:01:55,-20.52,57.52,77.0,94,40,2.59,shower rain,Rain,0.0,0.0
283,Bowen,AU,2020-04-01 23:01:55,-20.02,148.23,80.01,83,40,4.7,scattered clouds,Clouds,0.0,0.0
284,Piacabucu,BR,2020-04-01 23:01:55,-10.41,-36.43,79.18,83,87,8.61,light rain,Rain,0.004330708661417323,0.0
285,Georgetown,MY,2020-04-01 22:58:31,5.41,100.34,82.0,88,20,3.36,few clouds,Clouds,0.0,0.0
286,Qasigiannguit,GL,2020-04-01 23:01:56,68.82,-51.19,-0.4,44,0,5.82,clear sky,Clear,0.0,0.0
287,Ahuimanu,US,2020-04-01 23:01:56,21.44,-157.84,82.4,58,1,8.05,clear sky,Clear,0.0,0.0
288,Ust-Nera,RU,2020-04-01 23:01:56,64.57,143.2,11.53,83,96,2.48,overcast clouds,Clouds,0.0,0.0
289,Tezu,IN,2020-04-01 23:01:57,27.92,96.17,68.23,44,35,3.24,light rain,Rain,0.009055118110236222,0.0
290,Sari,IR,2020-04-01 23:00:54,36.56,53.06,62.6,63,83,9.17,broken clouds,Clouds,0.0,0.0
291,Trinidad,BO,2020-04-01 23:01:57,-14.83,-64.9,78.51,85,97,2.08,overcast clouds,Clouds,0.0,0.0
292,Bengkulu,ID,2020-04-01 23:01:57,-3.8,102.27,78.37,80,50,4.29,light rain,Rain,0.03307086614173228,0.0
293,Buarcos,PT,2020-04-01 23:01:58,40.17,-8.88,48.0,92,83,0.87,light rain,Rain,0.04488188976377953,0.0
294,Svetlaya,RU,2020-04-01 23:01:58,46.54,138.33,40.82,64,48,1.54,scattered clouds,Clouds,0.0,0.0
295,Villacarrillo,ES,2020-04-01 23:01:04,38.12,-3.08,40.86,71,37,1.16,scattered clouds,Clouds,0.0,0.0
296,Lavrentiya,RU,2020-04-01 23:01:58,65.58,-171.0,23.0,96,100,6.85,light snow,Snow,0.0,0.008661417322834646
297,Sibolga,ID,2020-04-01 23:01:59,1.74,98.78,76.91,82,94,1.77,light rain,Rain,0.02874015748031496,0.0
298,Hasaki,JP,2020-04-01 23:01:59,35.73,140.83,55.99,43,20,23.04,few clouds,Clouds,0.0,0.0
299,Chippewa Falls,US,2020-04-01 23:01:59,44.94,-91.39,57.2,35,1,13.87,clear sky,Clear,0.0,0.0
300,Hithadhoo,MV,2020-04-01 23:02:00,-0.6,73.08,83.61,71,59,7.09,broken clouds,Clouds,0.0,0.0
301,Manosque,FR,2020-04-01 23:02:00,43.83,5.79,50.0,80,75,3.36,broken clouds,Clouds,0.0,0.0
302,Caravelas,BR,2020-04-01 23:02:00,-17.71,-39.25,78.85,84,6,10.22,light rain,Rain,0.009448818897637795,0.0
303,Margate,GB,2020-04-01 23:02:00,51.38,1.39,46.0,75,90,4.7,overcast clouds,Clouds,0.0,0.0
304,Atambua,ID,2020-04-01 23:02:01,-9.11,124.89,79.16,71,59,1.19,broken clouds,Clouds,0.0,0.0
305,Sarakhs,IR,2020-04-01 23:02:01,36.54,61.16,55.4,76,8,4.7,clear sky,Clear,0.0,0.0
306,Maragogi,BR,2020-04-01 23:02:01,-9.01,-35.22,79.99,83,69,9.84,light rain,Rain,0.01141732283464567,0.0
307,Lovozero,RU,2020-04-01 23:02:01,68.0,35.01,15.71,95,100,3.96,light snow,Snow,0.0,0.024409448818897637
308,Husavik,IS,2020-04-01 22:57:05,66.04,-17.34,26.6,58,75,11.41,broken clouds,Clouds,0.0,0.0
309,Luba,GQ,2020-04-01 23:02:02,3.46,8.55,82.09,80,100,5.82,light rain,Rain,0.05039370078740158,0.0
310,Santiago Del Estero,AR,2020-04-01 23:00:09,-27.8,-64.26,73.2,89,95,9.31,overcast clouds,Clouds,0.0,0.0
311,Tuatapere,NZ,2020-04-01 23:02:02,-46.13,167.68,61.0,84,54,3.0,broken clouds,Clouds,0.0,0.0
312,Erenhot,CN,2020-04-01 23:02:03,43.65,111.98,34.84,40,0,7.94,clear sky,Clear,0.0,0.0
313,Shimoda,JP,2020-04-01 23:02:03,34.67,138.95,55.0,62,20,25.28,few clouds,Clouds,0.0,0.0
314,Coahuayana,MX,2020-04-01 23:02:03,18.73,-103.68,84.2,45,5,11.41,clear sky,Clear,0.0,0.0
315,Ayr,GB,2020-04-01 23:01:41,55.46,-4.63,46.4,87,75,13.87,broken clouds,Clouds,0.0,0.0
316,Mangan,IN,2020-04-01 23:02:04,27.52,88.53,57.97,25,11,7.02,few clouds,Clouds,0.0,0.0
317,Cooma,AU,2020-04-01 23:02:04,-36.23,149.13,57.2,100,90,19.46,overcast clouds,Clouds,0.0,0.0
318,Nome,US,2020-04-01 23:00:22,64.5,-165.41,23.0,79,90,14.99,light snow,Snow,0.0,0.0
319,George,ZA,2020-04-01 23:02:05,-33.96,22.46,57.2,82,0,6.93,clear sky,Clear,0.0,0.0
320,Ingham,US,2020-04-01 23:02:05,42.6,-84.38,48.2,65,90,6.93,overcast clouds,Clouds,0.0,0.0
321,Oktyabrskoye,RU,2020-04-01 23:02:05,43.06,44.74,42.37,71,100,6.82,moderate rain,Rain,0.3208661417322835,0.0
322,Iclod,RO,2020-04-01 23:02:05,46.98,23.8,30.2,54,88,2.24,overcast clouds,Clouds,0.0,0.0
323,Nemuro,JP,2020-04-01 23:02:06,43.32,145.57,35.28,97,100,29.3,moderate rain,Rain,0.22559055118110238,0.0
324,Voerde,DE,2020-04-01 23:02:06,51.6,6.68,42.01,86,18,3.36,few clouds,Clouds,0.0,0.0
325,Katsuura,JP,2020-04-01 23:02:06,35.13,140.3,60.01,62,75,11.41,broken clouds,Clouds,0.0,0.0
326,Pilot Butte,CA,2020-04-01 23:02:06,50.47,-104.42,12.99,66,90,23.04,light snow,Snow,0.0,0.0
327,Rio Grande,BR,2020-04-01 22:58:14,-32.03,-52.1,75.2,83,20,13.87,few clouds,Clouds,0.0,0.0
328,Banjar,ID,2020-04-01 23:02:07,-8.19,114.97,78.8,100,20,3.36,few clouds,Clouds,0.0,0.0
329,Atar,MR,2020-04-01 23:01:37,20.52,-13.05,84.74,19,91,5.17,overcast clouds,Clouds,0.0,0.0
330,Geraldton,AU,2020-04-01 23:02:08,-28.77,114.6,66.2,82,75,5.82,broken clouds,Clouds,0.0,0.0
331,Nakamura,JP,2020-04-01 23:02:08,32.98,132.93,56.53,60,15,8.81,few clouds,Clouds,0.0,0.0
332,Ketchikan,US,2020-04-01 23:02:08,55.34,-131.65,41.0,38,1,17.22,clear sky,Clear,0.0,0.0
333,Teutonia,BR,2020-04-01 23:02:08,-29.45,-51.81,78.01,78,52,1.01,broken clouds,Clouds,0.0,0.0
334,Mpophomeni,ZA,2020-04-01 23:02:09,-29.57,30.19,72.0,91,98,4.25,light rain,Rain,0.015748031496062995,0.0
335,Beringovskiy,RU,2020-04-01 23:02:09,63.05,179.32,21.36,95,89,2.98,overcast clouds,Clouds,0.0,0.0
336,Winnemucca,US,2020-04-01 23:02:10,40.97,-117.74,44.6,30,75,14.99,broken clouds,Clouds,0.0,0.0
337,Salo,IT,2020-04-01 23:02:10,45.61,10.53,39.99,64,8,4.7,clear sky,Clear,0.0,0.0
338,Saint Anthony,US,2020-04-01 23:02:10,45.02,-93.22,55.99,47,90,10.29,overcast clouds,Clouds,0.0,0.0
339,Chazuta,PE,2020-04-01 23:02:10,-6.57,-76.14,74.71,84,98,2.64,light rain,Rain,0.046062992125984255,0.0
340,Artyom,AZ,2020-04-01 23:02:11,40.47,50.33,53.6,87,90,9.17,light intensity shower rain,Rain,0.0,0.0
341,Kaitangata,NZ,2020-04-01 23:01:06,-46.28,169.85,63.3,60,73,2.01,broken clouds,Clouds,0.0,0.0
342,Lebu,CL,2020-04-01 23:02:12,-37.62,-73.65,58.06,71,0,19.33,clear sky,Clear,0.0,0.0
343,Sangar,RU,2020-04-01 23:02:12,63.92,127.47,2.07,91,29,12.48,scattered clouds,Clouds,0.0,0.0
344,Luwingu,ZM,2020-04-01 23:02:12,-10.26,29.93,63.54,67,98,4.45,light rain,Rain,0.03779527559055118,0.0
345,Karaton,ID,2020-04-01 23:02:13,-6.34,106.1,78.8,83,40,5.82,scattered clouds,Clouds,0.0,0.0
346,Hobyo,SO,2020-04-01 23:02:13,5.35,48.53,81.73,80,51,11.56,broken clouds,Clouds,0.0,0.0
347,Inhambane,MZ,2020-04-01 23:02:13,-23.86,35.38,77.07,77,81,21.43,light rain,Rain,0.010236220472440946,0.0
348,Westport,US,2020-04-01 23:01:31,41.14,-73.36,54.0,61,90,6.93,overcast clouds,Clouds,0.0,0.0
349,Kadirli,TR,2020-04-01 23:02:14,37.37,36.1,57.99,90,93,1.34,light rain,Rain,0.03661417322834646,0.0
350,Guerrero Negro,MX,2020-04-01 23:02:14,27.98,-114.06,66.78,64,8,14.7,clear sky,Clear,0.0,0.0
351,Caceres,ES,2020-04-01 23:02:14,39.52,-6.37,43.0,93,82,3.0,broken clouds,Clouds,0.0,0.0
352,Waiouru,NZ,2020-04-01 23:02:14,-39.48,175.67,60.73,35,0,4.94,clear sky,Clear,0.0,0.0
353,Peabiru,BR,2020-04-01 23:02:15,-23.91,-52.34,82.0,62,0,1.34,clear sky,Clear,0.0,0.0
354,Vocklabruck,AT,2020-04-01 23:02:15,48.02,13.65,33.01,63,0,2.24,clear sky,Clear,0.0,0.0
355,Tamale,GH,2020-04-01 23:02:15,9.4,-0.84,91.89,41,84,14.74,broken clouds,Clouds,0.0,0.0
356,Chulym,RU,2020-04-01 23:02:16,55.1,80.96,29.5,94,23,10.0,few clouds,Clouds,0.0,0.0
357,Ambilobe,MG,2020-04-01 23:02:16,-13.2,49.05,75.38,91,60,2.08,light rain,Rain,0.11811023622047245,0.0
358,Karpathos,GR,2020-04-01 23:02:16,35.51,27.21,59.2,73,0,6.69,clear sky,Clear,0.0,0.0
359,Acarau,BR,2020-04-01 23:01:17,-2.89,-40.12,77.77,89,100,7.36,light rain,Rain,0.03858267716535433,0.0
360,Mount Isa,AU,2020-04-01 23:02:17,-20.73,139.5,80.6,47,0,15.86,clear sky,Clear,0.0,0.0
361,Muroto,JP,2020-04-01 23:00:36,33.28,134.15,50.0,81,75,8.05,broken clouds,Clouds,0.0,0.0
362,Dharchula,IN,2020-04-01 23:02:17,29.85,80.53,49.8,28,2,9.86,clear sky,Clear,0.0,0.0
363,Sterling,US,2020-04-01 23:00:15,39.01,-77.43,55.99,47,75,5.82,broken clouds,Clouds,0.0,0.0
364,Okhotsk,RU,2020-04-01 23:02:18,59.38,143.3,21.87,95,95,7.31,light snow,Snow,0.0,0.009448818897637795
365,Porto Santo,PT,2020-04-01 23:02:18,33.07,-16.34,59.0,62,20,4.7,few clouds,Clouds,0.0,0.0
366,Karasjok,NO,2020-04-01 23:02:19,69.47,25.51,12.2,92,68,8.05,broken clouds,Clouds,0.0,0.0
367,Fairbanks,US,2020-04-01 23:00:01,64.84,-147.72,33.01,30,1,9.17,clear sky,Clear,0.0,0.0
368,Lai,TD,2020-04-01 23:02:19,9.4,16.3,84.69,15,44,3.27,scattered clouds,Clouds,0.0,0.0
369,Faanui,PF,2020-04-01 23:02:20,-16.48,-151.75,83.32,71,92,8.84,overcast clouds,Clouds,0.0,0.0
370,Beinamar,TD,2020-04-01 23:02:20,8.67,15.38,84.13,18,64,3.4,broken clouds,Clouds,0.0,0.0
371,Kavieng,PG,2020-04-01 23:02:20,-2.57,150.8,83.14,75,89,5.53,moderate rain,Rain,0.16771653543307086,0.0
372,Mattoon,US,2020-04-01 23:00:08,39.48,-88.37,57.99,47,1,5.82,clear sky,Clear,0.0,0.0
373,Kichera,RU,2020-04-01 23:02:21,55.94,110.1,31.91,77,100,8.7,snow,Snow,0.0,0.0889763779527559
374,Aksu,CN,2020-04-01 23:02:21,41.12,80.26,48.18,32,100,4.56,overcast clouds,Clouds,0.0,0.0
375,Dwarka,IN,2020-04-01 23:02:22,22.24,68.97,74.62,76,0,13.89,clear sky,Clear,0.0,0.0
376,Sisimiut,GL,2020-04-01 23:01:59,66.94,-53.67,0.7,81,17,10.63,few clouds,Clouds,0.0,0.0
377,Totskoye,RU,2020-04-01 23:02:23,52.52,52.76,30.15,89,69,6.91,broken clouds,Clouds,0.0,0.0
378,Areosa,PT,2020-04-01 23:02:23,41.72,-8.86,55.99,76,56,6.93,broken clouds,Clouds,0.0,0.0
379,Salmon Arm,CA,2020-04-01 23:02:24,50.7,-119.3,36.0,40,100,1.01,light snow,Snow,0.0,0.006692913385826772
380,Mlonggo,ID,2020-04-01 23:02:24,-6.53,110.7,77.0,94,75,4.7,thunderstorm with rain,Thunderstorm,0.0,0.0
381,Itamaraju,BR,2020-04-01 23:02:24,-17.04,-39.53,73.69,94,18,2.42,light rain,Rain,0.005511811023622048,0.0
382,Sosnovoborsk,RU,2020-04-01 23:02:24,56.13,93.36,26.6,73,70,2.24,broken clouds,Clouds,0.0,0.0
383,Senneterre,CA,2020-04-01 23:02:25,48.38,-77.23,39.2,60,90,10.29,overcast clouds,Clouds,0.0,0.0
384,Port-Gentil,GA,2020-04-01 23:02:25,-0.72,8.78,79.3,88,100,11.54,moderate rain,Rain,0.18228346456692915,0.0
385,Polunochnoye,RU,2020-04-01 23:02:25,60.87,60.42,18.54,92,42,7.25,scattered clouds,Clouds,0.0,0.0
386,Kavaratti,IN,2020-04-01 23:02:25,10.57,72.64,82.99,71,60,3.53,broken clouds,Clouds,0.0,0.0
387,Gazanjyk,TM,2020-04-01 23:02:26,39.24,55.52,62.94,44,90,13.82,overcast clouds,Clouds,0.0,0.0
388,Bayonet Point,US,2020-04-01 23:02:26,28.33,-82.68,72.0,43,1,9.17,clear sky,Clear,0.0,0.0
389,Iqaluit,CA,2020-04-01 23:01:06,63.75,-68.51,1.4,64,20,6.93,few clouds,Clouds,0.0,0.0
390,Kodarma,IN,2020-04-01 23:02:27,24.47,85.6,75.76,23,0,2.8,clear sky,Clear,0.0,0.0
391,Ancud,CL,2020-04-01 23:02:27,-41.87,-73.82,59.0,72,40,3.36,scattered clouds,Clouds,0.0,0.0
392,Sambava,MG,2020-04-01 23:02:28,-14.27,50.17,76.69,89,67,5.61,moderate rain,Rain,0.22637795275590553,0.0
393,Magadan,RU,2020-04-01 22:59:51,59.57,150.8,19.49,88,28,2.33,scattered clouds,Clouds,0.0,0.0
394,Ust-Kuyga,RU,2020-04-01 23:02:28,70.02,135.6,3.88,89,94,4.23,overcast clouds,Clouds,0.0,0.0
395,Haines Junction,CA,2020-04-01 23:02:29,60.75,-137.51,24.31,82,56,2.06,broken clouds,Clouds,0.0,0.0
396,Kieta,PG,2020-04-01 23:02:29,-6.22,155.63,82.85,75,78,4.38,light rain,Rain,0.043700787401574806,0.0
397,Wad Rawah,SD,2020-04-01 23:02:29,15.16,33.14,82.74,13,0,13.67,clear sky,Clear,0.0,0.0
398,Asau,RO,2020-04-01 23:02:29,46.43,26.4,32.0,70,97,11.41,overcast clouds,Clouds,0.0,0.0
399,Alta Floresta,BR,2020-04-01 23:01:54,-9.88,-56.09,75.58,86,100,1.45,light rain,Rain,0.05,0.0
400,Weligama,LK,2020-04-01 23:02:30,5.97,80.42,72.18,85,50,7.0,scattered clouds,Clouds,0.0,0.0
401,Seoul,KR,2020-04-01 22:59:29,37.57,126.98,39.2,46,1,2.46,clear sky,Clear,0.0,0.0
402,Adrar,MR,2020-04-01 23:02:31,20.5,-10.07,84.42,21,92,8.41,overcast clouds,Clouds,0.0,0.0
403,Korem,ET,2020-04-01 23:02:31,12.51,39.52,57.79,40,5,2.73,clear sky,Clear,0.0,0.0
404,Bambanglipuro,ID,2020-04-01 23:02:31,-7.95,110.28,79.72,79,25,5.55,scattered clouds,Clouds,0.0,0.0
405,Tual,ID,2020-04-01 23:02:32,-5.67,132.75,81.7,81,93,11.63,moderate rain,Rain,0.2877952755905512,0.0
406,Manadhoo,MV,2020-04-01 23:02:32,5.77,73.38,83.59,69,40,5.23,scattered clouds,Clouds,0.0,0.0
407,Talara,PE,2020-04-01 23:01:14,-4.58,-81.27,77.63,74,42,7.45,light rain,Rain,0.01141732283464567,0.0
408,Porto Novo,BJ,2020-04-01 23:02:12,6.5,2.6,80.6,83,40,4.7,scattered clouds,Clouds,0.0,0.0
409,Sao Goncalo Do Amarante,BR,2020-04-01 23:00:19,-3.61,-38.97,84.0,78,20,6.93,few clouds,Clouds,0.0,0.0
410,Cartagena,CO,2020-04-01 23:02:33,10.4,-75.51,84.2,83,75,11.41,broken clouds,Clouds,0.0,0.0
411,Toowoomba,AU,2020-04-01 23:02:33,-27.55,151.97,75.0,78,24,10.29,few clouds,Clouds,0.0,0.0
412,Baoqing,CN,2020-04-01 23:02:33,46.33,132.21,47.34,47,5,12.68,clear sky,Clear,0.0,0.0
413,Pisco,PE,2020-04-01 23:02:33,-13.7,-76.22,73.0,30,63,17.22,broken clouds,Clouds,0.0,0.0
414,Sorland,NO,2020-04-01 23:02:34,67.67,12.69,32.65,86,96,26.51,overcast clouds,Clouds,0.0,0.0
415,Mgandu,TZ,2020-04-01 23:02:34,-5.95,34.13,61.93,64,74,3.42,broken clouds,Clouds,0.0,0.0
416,Kupang,ID,2020-04-01 23:02:34,-10.17,123.58,77.0,94,20,3.36,few clouds,Clouds,0.0,0.0
417,Izhma,RU,2020-04-01 23:02:34,65.01,53.91,17.53,96,98,6.62,light snow,Snow,0.0,0.01141732283464567
418,Iwanai,JP,2020-04-01 23:02:35,42.97,140.51,43.29,63,100,8.23,overcast clouds,Clouds,0.0,0.0
419,Thai Binh,VN,2020-04-01 23:01:25,20.45,106.33,69.8,94,75,3.36,mist,Mist,0.0,0.0
420,Manta,EC,2020-04-01 23:02:05,-0.95,-80.73,84.2,74,40,8.05,scattered clouds,Clouds,0.0,0.0
421,Ishigaki,JP,2020-04-01 23:01:31,24.34,124.16,68.0,77,75,11.41,broken clouds,Clouds,0.0,0.0
422,Marawi,PH,2020-04-01 23:02:35,8.0,124.29,76.75,53,11,2.06,few clouds,Clouds,0.0,0.0
423,Khandyga,RU,2020-04-01 23:02:36,62.67,135.6,22.66,95,100,3.87,light snow,Snow,0.0,0.024409448818897637
424,Champerico,GT,2020-04-01 23:00:13,14.3,-91.92,84.51,68,3,11.97,light rain,Rain,0.017716535433070866,0.0
425,Ibra,OM,2020-04-01 23:02:36,22.69,58.53,71.8,68,5,3.36,clear sky,Clear,0.0,0.0
426,Malanje,AO,2020-04-01 23:02:36,-9.54,16.34,66.13,70,47,2.71,light rain,Rain,0.11496062992125984,0.0
427,Battle Creek,US,2020-04-01 23:00:00,42.32,-85.18,48.99,75,90,6.93,overcast clouds,Clouds,0.0,0.0
428,Novikovo,RU,2020-04-01 23:02:37,51.15,37.89,32.0,85,0,9.35,clear sky,Clear,0.0,0.0
429,Worland,US,2020-04-01 23:02:37,44.02,-107.96,28.99,74,90,21.92,light snow,Snow,0.0,0.0
430,Huarmey,PE,2020-04-01 23:02:38,-10.07,-78.15,75.52,74,89,5.95,light rain,Rain,0.03779527559055118,0.0
431,Gambela,ET,2020-04-01 23:02:38,8.25,34.58,83.84,40,46,2.35,scattered clouds,Clouds,0.0,0.0
432,Villazon,BO,2020-04-01 23:02:38,-22.09,-65.59,58.44,25,56,7.07,light rain,Rain,0.05826771653543307,0.0
433,Mutis,CO,2020-04-01 23:02:38,6.23,-77.4,79.39,86,84,6.55,light rain,Rain,0.04960629921259843,0.0
434,Kandi,BJ,2020-04-01 23:02:38,11.13,2.94,90.43,22,98,2.44,overcast clouds,Clouds,0.0,0.0
435,Guhagar,IN,2020-04-01 23:02:39,17.48,73.19,79.59,56,1,10.78,clear sky,Clear,0.0,0.0
436,Abalak,RU,2020-04-01 23:02:39,58.13,68.59,33.87,95,100,7.38,light rain,Rain,0.01653543307086614,0.0
437,Charters Towers,AU,2020-04-01 23:02:39,-20.1,146.27,78.1,52,0,7.7,clear sky,Clear,0.0,0.0
438,Paciran,ID,2020-04-01 23:02:40,-6.88,112.38,80.76,78,76,2.89,broken clouds,Clouds,0.0,0.0
439,Viedma,AR,2020-04-01 23:00:26,-40.81,-63.0,60.96,67,0,7.47,clear sky,Clear,0.0,0.0
440,Raga,SS,2020-04-01 23:02:40,8.46,25.68,77.22,19,54,1.9,broken clouds,Clouds,0.0,0.0
441,Huejuquilla El Alto,MX,2020-04-01 23:02:40,22.6,-103.87,77.0,15,90,16.15,overcast clouds,Clouds,0.0,0.0
442,Kruisfontein,ZA,2020-04-01 22:57:58,-34.0,24.73,58.46,74,16,9.64,few clouds,Clouds,0.0,0.0
443,Rosario,AR,2020-04-01 22:59:25,-32.95,-60.64,73.99,94,90,16.11,moderate rain,Rain,0.0,0.0
444,Celano,IT,2020-04-01 23:02:42,42.09,13.54,41.0,74,0,5.82,clear sky,Clear,0.0,0.0
445,Urumqi,CN,2020-04-01 23:02:42,43.8,87.6,42.8,33,0,4.47,clear sky,Clear,0.0,0.0
446,Rantepao,ID,2020-04-01 23:02:42,-2.97,119.9,71.28,62,98,1.68,overcast clouds,Clouds,0.0,0.0
447,Marsa Matruh,EG,2020-04-01 23:02:42,31.35,27.25,55.4,82,86,3.71,overcast clouds,Clouds,0.0,0.0
448,Tosno,RU,2020-04-01 23:02:43,59.54,30.88,33.01,92,46,4.47,scattered clouds,Clouds,0.0,0.0
449,Channel-Port Aux Basques,CA,2020-04-01 23:02:43,47.57,-59.14,38.5,92,100,24.85,overcast clouds,Clouds,0.0,0.0
450,Sept-Iles,CA,2020-04-01 23:02:43,50.2,-66.38,39.2,86,90,6.93,light rain,Rain,0.0,0.0
451,Steamboat Springs,US,2020-04-01 22:58:19,40.48,-106.83,60.8,27,75,12.75,broken clouds,Clouds,0.0,0.0
452,Kushima,JP,2020-04-01 23:02:44,31.46,131.23,53.6,76,20,8.05,volcanic ash,Ash,0.0,0.0
453,Ghaziabad,IN,2020-04-01 23:02:44,28.67,77.43,66.2,77,20,5.82,mist,Mist,0.0,0.0
454,Khrebtovaya,RU,2020-04-01 23:02:44,56.7,104.25,32.68,79,99,9.89,overcast clouds,Clouds,0.0,0.0
455,La Rioja,ES,2020-04-01 23:02:44,42.25,-2.5,48.2,93,90,3.36,light rain,Rain,0.0,0.0
456,Coihueco,CL,2020-04-01 23:02:45,-36.62,-71.83,73.4,28,0,17.22,clear sky,Clear,0.0,0.0
457,Jumla,NP,2020-04-01 23:01:07,29.27,82.18,38.23,28,19,4.09,few clouds,Clouds,0.0,0.0
458,High Rock,BS,2020-04-01 23:02:45,26.62,-78.28,73.4,60,40,16.11,scattered clouds,Clouds,0.0,0.0
459,Saryozek,KZ,2020-04-01 23:02:45,44.36,77.98,47.39,67,100,5.55,moderate rain,Rain,0.15433070866141732,0.0
460,Mpulungu,ZM,2020-04-01 23:02:46,-8.76,31.11,73.47,60,94,4.36,light rain,Rain,0.017716535433070866,0.0
461,Ulladulla,AU,2020-04-01 22:58:22,-35.35,150.47,68.0,82,75,9.17,light rain,Rain,0.0,0.0
462,San Cristobal,VE,2020-04-01 23:02:46,7.77,-72.22,86.0,58,40,8.05,smoke,Smoke,0.0,0.0
463,Umm Kaddadah,SD,2020-04-01 23:02:47,13.6,26.69,80.06,14,4,10.49,clear sky,Clear,0.0,0.0
464,Agirish,RU,2020-04-01 23:02:47,61.92,63.02,25.39,92,99,10.8,light snow,Snow,0.0,0.014960629921259844
465,Trelew,AR,2020-04-01 23:00:59,-43.25,-65.31,58.62,61,0,9.71,clear sky,Clear,0.0,0.0
466,Beira,MZ,2020-04-01 23:00:03,-19.84,34.84,80.6,69,24,12.75,light rain,Rain,0.01141732283464567,0.0
467,Sirjan,IR,2020-04-01 23:02:48,29.45,55.68,54.39,35,33,7.96,scattered clouds,Clouds,0.0,0.0
468,Arlit,NE,2020-04-01 23:01:35,18.74,7.39,83.93,11,0,8.14,clear sky,Clear,0.0,0.0
469,Ler,SS,2020-04-01 23:02:48,8.3,30.14,83.66,35,16,3.27,few clouds,Clouds,0.0,0.0
470,Sumbe,AO,2020-04-01 23:02:48,-11.21,13.84,76.41,87,65,2.91,light rain,Rain,0.08582677165354331,0.0
471,Birjand,IR,2020-04-01 23:02:49,32.87,59.22,46.4,28,20,9.17,few clouds,Clouds,0.0,0.0
472,Vila Velha,BR,2020-04-01 22:59:31,-20.33,-40.29,78.8,88,90,6.93,light rain,Rain,0.0,0.0
473,Uray,RU,2020-04-01 23:02:49,60.12,64.78,34.72,95,100,7.76,light rain,Rain,0.004724409448818898,0.0
474,Itumbiara,BR,2020-04-01 23:02:49,-18.42,-49.22,75.81,67,50,4.29,light rain,Rain,0.012204724409448819,0.0
475,Whitley Bay,GB,2020-04-01 23:02:50,55.04,-1.45,46.4,81,75,10.29,broken clouds,Clouds,0.0,0.0
476,Tomatlan,MX,2020-04-01 23:00:46,19.93,-105.25,80.82,47,42,8.77,scattered clouds,Clouds,0.0,0.0
477,Lisala,CD,2020-04-01 23:02:50,2.15,21.52,70.9,83,99,0.45,light rain,Rain,0.007086614173228346,0.0
478,Kharovsk,RU,2020-04-01 23:02:50,59.96,40.19,30.07,96,97,7.92,light snow,Snow,0.0,0.013385826771653545
479,Cozumel,MX,2020-04-01 23:02:51,20.51,-86.95,87.8,58,40,8.05,scattered clouds,Clouds,0.0,0.0
480,Pregradnoye,RU,2020-04-01 23:02:51,45.82,41.75,38.98,63,100,9.24,overcast clouds,Clouds,0.0,0.0
481,Fuxin,CN,2020-04-01 23:02:51,42.02,121.66,49.37,35,0,9.98,clear sky,Clear,0.0,0.0
482,Boyolangu,ID,2020-04-01 23:02:51,-8.12,111.89,78.84,81,53,3.38,light rain,Rain,0.01732283464566929,0.0
483,Boa Vista,BR,2020-04-01 23:00:28,2.82,-60.67,91.4,46,20,4.7,few clouds,Clouds,0.0,0.0
484,Jiayuguan,CN,2020-04-01 23:02:52,39.82,98.3,31.06,37,7,3.49,clear sky,Clear,0.0,0.0
485,Keningau,MY,2020-04-01 23:02:52,5.34,116.16,78.8,94,20,3.36,few clouds,Clouds,0.0,0.0
486,Hay River,CA,2020-04-01 23:00:11,60.82,-115.8,-0.4,64,20,10.29,few clouds,Clouds,0.0,0.0
487,Soavinandriana,MG,2020-04-01 23:00:43,-19.17,46.73,57.69,66,1,1.81,clear sky,Clear,0.0,0.0
488,Illapel,CL,2020-04-01 23:02:53,-31.63,-71.17,62.47,55,27,3.8,scattered clouds,Clouds,0.0,0.0
489,Markova,UA,2020-04-01 23:02:53,48.68,24.41,27.9,77,92,4.54,overcast clouds,Clouds,0.0,0.0
490,Antalaha,MG,2020-04-01 23:02:54,-14.9,50.28,78.08,85,39,10.09,light rain,Rain,0.05354330708661418,0.0
491,Hailar,CN,2020-04-01 23:02:55,49.2,119.7,32.22,54,10,11.25,clear sky,Clear,0.0,0.0
492,Markovo,RU,2020-04-01 23:02:55,57.32,107.09,37.26,77,100,11.54,overcast clouds,Clouds,0.0,0.0
493,Mackenzie,CA,2020-04-01 23:02:55,55.3,-123.17,21.2,41,1,10.29,clear sky,Clear,0.0,0.0
494,Elliot Lake,CA,2020-04-01 23:02:56,46.38,-82.63,50.0,31,40,8.05,scattered clouds,Clouds,0.0,0.0
495,Harunabad,PK,2020-04-01 23:02:56,29.61,73.14,68.41,44,1,0.38,clear sky,Clear,0.0,0.0
496,Salamanca,ES,2020-04-01 23:02:56,40.83,-6.0,42.01,86,3,5.82,clear sky,Clear,0.0,0.0
497,Zhanakorgan,KZ,2020-04-01 23:02:57,43.91,67.25,52.23,62,83,8.16,broken clouds,Clouds,0.0,0.0
498,Derventa,BA,2020-04-01 23:02:57,44.98,17.91,35.01,79,0,2.24,clear sky,Clear,0.0,0.0
499,Yokadouma,CM,2020-04-01 23:02:57,3.52,15.05,68.43,81,100,1.79,overcast clouds,Clouds,0.0,0.0
500,Veraval,IN,2020-04-01 23:02:33,20.9,70.37,75.24,62,3,9.86,clear sky,Clear,0.0,0.0
501,Suez,EG,2020-04-01 23:02:58,29.97,32.53,62.06,66,1,6.17,clear sky,Clear,0.0,0.0
502,Sembe,CG,2020-04-01 23:02:58,1.65,14.58,72.73,83,79,1.81,light rain,Rain,0.041732283464566935,0.0
503,Miri,MY,2020-04-01 22:59:05,4.41,114.01,75.2,100,75,5.82,broken clouds,Clouds,0.0,0.0
504,Camana,PE,2020-04-01 23:02:59,-16.62,-72.71,73.51,77,80,6.58,broken clouds,Clouds,0.0,0.0
505,Faya,SA,2020-04-01 23:02:59,18.39,42.45,62.6,82,3,0.47,clear sky,Clear,0.0,0.0
506,Majayjay,PH,2020-04-01 23:02:59,14.15,121.47,82.99,78,20,7.27,few clouds,Clouds,0.0,0.0
507,Pontes E Lacerda,BR,2020-04-01 23:01:16,-15.23,-59.34,75.61,83,92,2.48,light rain,Rain,0.006299212598425198,0.0
508,Ayorou,NE,2020-04-01 23:03:00,14.73,0.92,85.64,12,25,10.11,scattered clouds,Clouds,0.0,0.0
509,Eltham,NZ,2020-04-01 23:03:00,-39.43,174.3,62.01,84,15,6.26,few clouds,Clouds,0.0,0.0
510,Kwinana,AU,2020-04-01 23:03:00,-32.25,115.77,64.99,77,99,5.82,light rain,Rain,0.0,0.0
511,Tilichiki,RU,2020-04-01 23:03:01,60.47,166.1,19.78,96,99,6.51,overcast clouds,Clouds,0.0,0.0
512,Jalu,LY,2020-04-01 23:03:01,29.03,21.55,62.22,39,0,5.41,clear sky,Clear,0.0,0.0
513,Kaduy,RU,2020-04-01 23:03:01,59.2,37.15,31.77,91,96,9.69,overcast clouds,Clouds,0.0,0.0
514,Anori,BR,2020-04-01 23:03:01,-3.77,-61.64,76.93,91,72,1.43,light rain,Rain,0.00984251968503937,0.0
515,Kalvarija,LT,2020-04-01 23:03:02,54.4,23.23,36.43,86,99,15.82,light rain,Rain,0.005118110236220473,0.0
516,San Ramon,US,2020-04-01 23:03:02,37.78,-121.98,68.0,41,1,8.05,clear sky,Clear,0.0,0.0
517,Kutum,SD,2020-04-01 23:01:52,14.2,24.67,70.75,14,54,5.46,broken clouds,Clouds,0.0,0.0
518,Port-Cartier,CA,2020-04-01 23:03:03,50.03,-66.87,39.2,86,90,6.93,light rain,Rain,0.0,0.0
519,Kangaatsiaq,GL,2020-04-01 23:03:03,68.31,-53.46,5.65,85,75,9.82,broken clouds,Clouds,0.0,0.0
520,Sendai,JP,2020-04-01 23:03:03,38.27,140.87,50.0,71,75,25.28,broken clouds,Clouds,0.0,0.0
521,Umtata,ZA,2020-04-01 23:03:03,-31.59,28.78,53.6,100,100,6.93,light rain,Rain,0.016141732283464567,0.0
522,Kashima,JP,2020-04-01 23:03:04,33.11,130.09,55.99,87,40,4.7,scattered clouds,Clouds,0.0,0.0
523,Camacha,PT,2020-04-01 23:03:04,33.08,-16.33,59.0,62,20,4.7,few clouds,Clouds,0.0,0.0
524,Te Anau,NZ,2020-04-01 23:03:05,-45.42,167.72,62.85,56,8,0.45,clear sky,Clear,0.0,0.0
525,Yumen,CN,2020-04-01 23:01:16,40.28,97.2,32.43,38,0,12.71,clear sky,Clear,0.0,0.0
526,Zempoala,MX,2020-04-01 23:03:06,19.45,-96.42,86.0,62,5,10.29,clear sky,Clear,0.0,0.0
527,Roswell,US,2020-04-01 22:58:07,34.02,-84.36,61.0,44,1,16.11,clear sky,Clear,0.0,0.0
528,Cururupu,BR,2020-04-01 23:03:07,-1.83,-44.87,76.66,92,100,7.94,light rain,Rain,0.029527559055118113,0.0
529,Nargana,PA,2020-04-01 23:03:07,9.44,-78.59,79.57,80,59,8.3,light rain,Rain,0.005905511811023622,0.0
530,Kununurra,AU,2020-04-01 23:03:07,-15.77,128.73,82.4,69,41,3.36,scattered clouds,Clouds,0.0,0.0
531,Churapcha,RU,2020-04-01 23:03:07,62.0,132.43,10.6,93,100,14.29,light snow,Snow,0.0,0.05
532,Argelia,CO,2020-04-01 23:03:08,2.26,-77.25,63.39,69,90,1.03,light rain,Rain,0.010629921259842521,0.0
533,Manpur,IN,2020-04-01 23:03:08,22.43,75.62,74.03,21,0,10.45,clear sky,Clear,0.0,0.0
534,Khandbari,NP,2020-04-01 23:03:08,27.37,87.2,61.66,22,0,5.35,clear sky,Clear,0.0,0.0
535,Macas,EC,2020-04-01 23:00:10,-2.32,-78.12,75.2,69,20,6.93,few clouds,Clouds,0.0,0.0
536,Namibe,AO,2020-04-01 23:03:09,-15.2,12.15,75.67,66,0,5.88,clear sky,Clear,0.0,0.0
537,Ziyang,CN,2020-04-01 23:03:09,29.25,117.85,55.33,73,60,2.84,broken clouds,Clouds,0.0,0.0
538,Mana,GF,2020-04-01 23:03:09,5.66,-53.78,76.48,85,59,8.12,broken clouds,Clouds,0.0,0.0
539,Kargasok,RU,2020-04-01 23:03:09,59.06,80.86,27.25,94,91,9.8,overcast clouds,Clouds,0.0,0.0
540,Cambridge,CA,2020-04-01 22:58:24,43.36,-80.31,52.0,37,90,16.11,overcast clouds,Clouds,0.0,0.0
541,Chiredzi,ZW,2020-04-01 23:03:10,-21.05,31.67,70.52,70,44,11.27,light rain,Rain,0.013385826771653545,0.0
542,Okha,RU,2020-04-01 23:03:10,53.57,142.95,31.6,93,3,6.38,clear sky,Clear,0.0,0.0
543,Nouakchott,MR,2020-04-01 23:01:06,18.09,-15.98,73.4,69,86,16.11,overcast clouds,Clouds,0.0,0.0
544,Dicabisagan,PH,2020-04-01 23:03:11,17.08,122.42,81.43,74,18,5.7,light rain,Rain,0.05669291338582677,0.0
545,Kathu,TH,2020-04-01 23:03:11,7.92,98.33,78.8,88,20,1.12,few clouds,Clouds,0.0,0.0
546,Conde,BR,2020-04-01 22:59:07,-7.26,-34.91,80.6,88,20,4.7,few clouds,Clouds,0.0,0.0
547,Coihaique,CL,2020-04-01 23:01:01,-45.58,-72.07,55.4,71,75,2.24,broken clouds,Clouds,0.0,0.0
548,Riyadh,SA,2020-04-01 22:58:35,24.69,46.72,80.6,15,32,14.99,scattered clouds,Clouds,0.0,0.0
549,Port Macquarie,AU,2020-04-01 23:03:12,-31.43,152.92,75.99,100,84,5.82,broken clouds,Clouds,0.0,0.0
550,Camopi,GF,2020-04-01 23:03:12,3.17,-52.32,74.62,95,100,3.06,light rain,Rain,0.03858267716535433,0.0
551,Grindavik,IS,2020-04-01 23:03:13,63.84,-22.43,26.6,73,75,24.16,broken clouds,Clouds,0.0,0.0
552,Palmerston,AU,2020-04-01 23:03:13,-12.49,130.98,84.99,83,20,2.24,few clouds,Clouds,0.0,0.0
553,Samagaltay,RU,2020-04-01 23:03:13,50.6,95.0,10.11,76,0,1.19,clear sky,Clear,0.0,0.0
554,Saint George,US,2020-04-01 23:01:24,37.1,-113.58,73.0,26,1,3.36,clear sky,Clear,0.0,0.0
555,Rancho Palos Verdes,US,2020-04-01 23:03:04,33.74,-118.39,75.0,64,5,7.25,clear sky,Clear,0.0,0.0
556,Chapayevka,UA,2020-04-01 23:03:14,47.47,36.35,31.98,79,0,6.91,clear sky,Clear,0.0,0.0
557,Selb,DE,2020-04-01 23:03:14,50.17,12.13,32.0,73,1,1.19,clear sky,Clear,0.0,0.0
558,Biltine,TD,2020-04-01 23:03:15,14.53,20.92,84.16,12,63,9.01,broken clouds,Clouds,0.0,0.0
559,Avera,US,2020-04-01 23:03:15,33.19,-82.53,66.2,45,75,6.93,broken clouds,Clouds,0.0,0.0
560,Loa Janan,ID,2020-04-01 23:03:15,-0.58,117.09,80.04,84,79,1.95,broken clouds,Clouds,0.0,0.0
561,Bafra,TR,2020-04-01 23:03:15,41.57,35.91,46.4,81,90,6.93,overcast clouds,Clouds,0.0,0.0
562,Abu Dhabi,AE,2020-04-01 23:00:07,24.47,54.37,75.0,88,20,4.7,few clouds,Clouds,0.0,0.0
563,Evans,US,2020-04-01 23:03:16,33.53,-82.13,64.4,34,20,8.05,few clouds,Clouds,0.0,0.0
564,Dongkan,CN,2020-04-01 23:03:16,34.0,119.83,50.29,50,87,6.04,overcast clouds,Clouds,0.0,0.0
565,Marienburg,PL,2020-04-01 23:03:16,54.04,19.03,41.0,86,75,13.87,light intensity drizzle,Drizzle,0.0,0.0
566,Palauig,PH,2020-04-01 23:03:16,15.44,119.9,85.23,59,13,2.46,few clouds,Clouds,0.0,0.0
567,Ponta Delgada,PT,2020-04-01 23:03:17,37.73,-25.67,55.4,100,75,20.8,shower rain,Rain,0.0,0.0
568,Puerto Carreno,CO,2020-04-01 23:01:47,6.19,-67.49,89.6,52,75,5.82,broken clouds,Clouds,0.0,0.0
569,Perivolion,GR,2020-04-01 23:03:17,39.42,20.01,46.99,81,40,4.7,scattered clouds,Clouds,0.0,0.0
570,Yarim,YE,2020-04-01 23:03:17,14.3,44.38,59.65,37,71,1.36,light rain,Rain,0.021259842519685043,0.0
571,Erding,DE,2020-04-01 23:03:18,48.31,11.91,32.0,79,0,1.12,clear sky,Clear,0.0,0.0
572,Hovd,MN,2020-04-01 23:03:18,48.01,91.64,23.05,50,0,3.89,clear sky,Clear,0.0,0.0
573,Yeniseysk,RU,2020-04-01 23:03:18,58.45,92.17,27.05,97,96,2.21,overcast clouds,Clouds,0.0,0.0
574,Darovskoy,RU,2020-04-01 23:03:19,58.77,47.96,24.12,97,82,8.84,light snow,Snow,0.0,0.005511811023622048
